Maria;5640
Matilde;1835
Leonor;1783
Carolina;1174
Beatriz;1154
Mariana;1152
Ana;1010
Sofia;958
Inês;939
Margarida;912
Francisca;898
Lara;853
Laura;707
Alice;661
Joana;625
Clara;597
Diana;582
Madalena;567
Mara;488
Luana;487
Benedita;482
Constança;459
Mafalda;458
Bianca;449
Íris;431
Sara;415
Camila;409
Gabriela;406
Rita;405
Eva;375
Carlota;367
Letícia;365
Vitória;323
Ema;301
Luísa;296
Catarina;286
Ariana;259
Yasmin;249
Yara;248
Carminho;193
Miriam;192
Marta;184
Alícia;183
Rafaela;178
Luena;176
Victória;170
Núria;168
Kyara;163
Helena;163
Valentina;163
Júlia;162
Bárbara;156
Isabel;154
Nicole;153
Daniela;148
Lia;142
Bruna;142
Melissa;140
Noa;135
Jéssica;135
Teresa;132
Iara;132
Raquel;129
Filipa;121
Mia;96
Érica;92
Luna;89
Isis;88
Caetana;78
Alexandra;75
Mélanie;73
Pilar;73
Juliana;73
Kelly;71
Isabela;68
Adriana;68
Aurora;68
Débora;67
Soraia;66
Eduarda;63
Lorena;62
Áurea;62
Olívia;57
Amélia;56
Emília;52
Naiara;49
Frederica;47
Irina;43
Renata;40
Anita;39
Larissa;39
Petra;38
Emma;38
Sarah;37
Vera;37
Tatiana;37
Julieta;36
Nádia;36
Mayara;35
Salomé;35
Samira;35
Rebeca;34
Fabiana;34
Patrícia;33
Simone;32
Paloma;32
Aline;32
Liliana;32
Nair;31
Luz;31
Luciana;31
Andreia;31
Isabella;30
Dalila;30
Chloe;30
Ester;29
Flor;28
Safira;28
Erika;27
Elisa;27
Anna;27
Rosa;26
Mónica;26
Cláudia;26
Lúcia;25
Abigail;25
Ângela;25
Rosarinho;24
Sophia;24
Carla;24
Alana;24
Micaela;23
Bia;23
Fátima;22
Maiara;22
Emily;22
Eliana;22
Carmo;22
Dânia;21
Marisa;21
Erica;21
Cíntia;20
Amália;20
Raissa;20
Viviane;20
Serena;20
Vanessa;20
Clarisse;19
Denise;19
Carina;19
Violeta;19
Eliane;19
Rute;19
Flávia;18
Kiara;18
Iris;18
Liara;18
Susana;17
Cristina;17
Cecília;17
Giovana;17
Nayara;17
Márcia;17
Oriana;16
Milena;16
Victoria;16
Lídia;16
Dara;16
Manuela;16
Cristiana;16
Estrela;15
Elena;15
Lea;15
Liana;15
Angélica;14
Solange;14
Telma;14
Dayane;14
Sónia;14
Antónia;14
Verónica;14
Marina;14
Aléxia;14
Ariane;14
Isa;13
India;13
Paula;13
Simara;13
Liane;13
Ellen;13
Lívia;12
Daria;12
Neuza;12
Lais;12
Tânia;12
Leila;12
Sandra;12
Priscila;12
Martina;11
Riana;11
Melanie;11
Tamara;11
Samanta;11
Valéria;11
Jénifer;11
Ariele;11
Maísa;11
Deise;11
Maia;10
Taís;10
Carmen;10
Briana;10
Glória;10
Amanda;10
Ciara;10
Doriana;10
Esther;10
Thaís;10
Clarinha;10
Jacinta;10
Guiomar;10
Esmeralda;10
Brenda;10
Aisha;10
Anaísa;10
Esperança;9
Viviana;9
Elsa;9
Lua;9
Natacha;9
Olivia;9
Oceana;9
Luzia;9
Ashley;9
Tamára;9
Concha;9
Nina;9
Noemi;9
Cloe;9
Maya;9
Rafaella;9
Rayanne;9
Ísis;9
Alicia;9
Zoé;8
Sabrina;8
Estela;8
Maira;8
Lya;8
Naísa;8
Dora;8
Cloé;8
Charlotte;8
Angelina;8
Taísa;8
Samara;8
Penélope;8
Lília;8
Luisa;8
Chloé;8
Jennifer;8
Suri;8
Stella;8
Maura;8
Eunice;7
Martinha;7
Aysha;7
Aura;7
Maryam;7
Karina;7
Mayra;7
Alma;7
Josiane;7
Eleonor;7
Anaís;7
Vânia;7
Laís;7
Graça;7
Rayssa;7
Mercedes;7
Alissa;7
Ária;7
Lisandra;7
Alexa;7
Adelaide;7
Miranda;7
Naíma;7
Yohanna;7
Lígia;7
Stephanie;6
Adelina;6
Irís;6
Melina;6
Lina;6
Alexia;6
Cátia;6
Liz;6
Jussara;6
Mila;6
Carol;6
Dulce;6
Fatumata;6
Cândida;6
Pérola;6
Isaura;6
Taíssa;6
Jade;6
Joyce;6
Lavínia;6
Suéli;6
Irene;6
Kayla;6
Nídia;6
Aurea;6
Anabela;6
Michele;6
Emilly;5
Mirian;5
Hellen;5
Tiffany;5
Mercês;5
Milana;5
Nancy;5
Naomi;5
Rebecca;5
Jacira;5
Katie;5
Nara;5
Anastasia;5
Leticia;5
Leandra;5
Giovanna;5
Morgana;5
Anamar;5
Jessica;5
Tiara;5
Anaya;5
Matilda;5
Zoe;5
Alessia;5
Andrea;5
Aminata;5
Gabriella;5
Flora;5
Magda;5
Ayla;5
Adriela;5
Rania;5
Evelyn;5
Luiza;5
Elisabete;5
Joelma;5
Marlene;5
Tiana;5
Melany;5
Keyla;4
Fernanda;4
Malika;4
Dádiva;4
Allana;4
Nayra;4
Natália;4
Natalia;4
Cinara;4
Michelle;4
Diva;4
Hannah;4
Marisol;4
Lucília;4
Stela;4
Luara;4
Janice;4
Sol;4
Kataleya;4
Sheila;4
Cataleya;4
Cassandra;4
Bella;4
Florbela;4
Celina;4
Aida;4
Milene;4
Alina;4
Melyssa;4
Kaylane;4
Branca;4
Iriana;4
Dafne;4
Amora;4
Liliane;4
Janaína;4
Suria;4
Lana;4
Ariel;4
Sílvia;4
Kimberly;4
Siena;4
Silvana;4
Weza;4
Evelina;4
Haniela;4
Veronica;4
Guadalupe;4
Rayane;4
Alyssa;4
Mariam;4
Sophie;4
Joice;4
Camilla;4
Alba;4
Kieza;4
Jasmina;4
Veronika;4
Khadija;4
Hadassa;4
Polina;4
Yasmine;4
Cármen;4
Nadine;4
Sienna;4
Ariela;3
Zara;3
Elisabeth;3
Seerat;3
Maimuna;3
Ânia;3
Klara;3
Ália;3
Melinda;3
Brianna;3
Ava;3
Nour;3
Ândria;3
Aicha;3
Zita;3
Tabita;3
Nalini;3
Rossana;3
Isadora;3
Sharon;3
Laryssa;3
Taynara;3
Barbara;3
Lucy;3
Andreea;3
Dina;3
Maitê;3
Lola;3
Lena;3
Teresinha;3
Ellie;3
Elvira;3
Sahara;3
Aylla;3
Catalina;3
Nicolly;3
Marília;3
Stephany;3
Rúbia;3
Noémi;3
Filomena;3
Eliza;3
Agatha;3
Denisa;3
Daisi;3
Fábia;3
Olga;3
Aaliyah;3
Emilia;3
Nayla;3
Liany;3
Sasha;3
Nikol;3
Muriel;3
Pietra;3
Latifa;3
Aliça;3
Lira;3
Ticiana;3
Leah;3
Lucía;3
Edna;3
Stefany;3
Nuna;3
Daiana;3
Quélia;3
Leia;3
Radija;3
Emanuela;3
Fatima;3
Thayla;3
Ivana;3
Kira;3
Anabel;3
Amy;3
Cássia;3
Sarai;3
Arina;3
Geovana;3
Pandora;3
Francesca;3
Letízia;3
Alda;3
Estefânia;3
Amira;3
Mirela;3
Lunna;3
Hoorain;3
Dália;3
Zaira;3
Cora;3
Kailany;3
Zoey;3
Suely;3
Sehajpreet;3
Ionara;3
Jandira;3
Indira;3
Mathilde;3
Hawa;3
Linda;3
Debora;2
Aleksandra;2
Dominique;2
Anair;2
Heloísa;2
Gisela;2
Jana;2
Delia;2
Rosário;2
Mágui;2
Stefania;2
Inara;2
Lidiana;2
Cristal;2
Cheila;2
Jasmeen;2
Letizia;2
Laureana;2
Anaelle;2
Vilma;2
Manha;2
Andra;2
Amelia;2
Ayumi;2
Melody;2
Yasmina;2
Assunção;2
Genésia;2
Nayma;2
Nadia;2
Nélia;2
Antonia;2
Crystal;2
Yana;2
Kamila;2
Thayra;2
Élia;2
Ayesha;2
Lurdes;2
Emanuelle;2
Aryana;2
Anastácia;2
Jael;2
Aliana;2
Zélia;2
Eveline;2
Otília;2
Perla;2
Chelsea;2
Yi;2
Kendra;2
Hayla;2
Viktoria;2
Jil;2
Fedra;2
Ivy;2
Samaritana;2
Marwa;2
Miguela;2
Aliyha;2
Josefa;2
Poliana;2
Karen;2
Laysla;2
Ranya;2
Lilian;2
Josefina;2
Maribel;2
Piedade;2
Amina;2
Lyah;2
Djelissa;2
Suzi;2
Viktoriya;2
Jasmeet;2
Adélia;2
Isís;2
Rahyssa;2
Stéphanie;2
Orquídea;2
Shaira;2
Adama;2
Graciana;2
Ludmila;2
Yangchen;2
Emilie;2
Rose;2
Céline;2
Dayra;2
Anaisa;2
Alisa;2
Aya;2
íris;2
Anastacia;2
Lavinia;2
Jacyara;2
Alisha;2
Hossana;2
Ananda;2
Soraya;2
Malak;2
Arianna;2
Karolina;2
Marie;2
Florinda;2
Samantha;2
Karine;2
Kaya;2
Ayani;2
Bela;2
Ohana;2
Angela;2
Jia;2
Mikaela;2
Isabelly;2
Rahela;2
Dilnura;2
Elzira;2
Mariama;2
Elizabeth;2
Anais;2
Oumou;2
Louisa;2
Estefany;2
Layra;2
Thaíssa;2
Cidália;2
Selma;2
Olinda;2
Katia;2
Grace;2
Mankirat;2
Girisha;2
Lueji;2
Heloisa;2
Zlata;2
Roberta;2
Louise;2
Ticiane;2
Prapti;2
Melânia;2
Lyara;2
Séfora;2
Tamar;2
Mellyssa;2
Katerina;2
Dominika;2
Izabel;2
Suzana;2
Yaqi;2
Elizabet;2
Ágata;2
Valentine;2
Amélie;2
Vivian;2
Neusa;2
Gaia;2
Deva;2
Raina;2
Dária;2
Lícia;2
Stacy;2
Elisete;2
Elisama;2
Hareem;2
Eshal;2
Inaaya;2
Andressa;2
KellY;2
Hélia;2
Giulia;2
Yiyi;2
Quessia;2
Lyana;2
Yassna;2
Iasmin;2
Zilda;2
Myriam;2
Adriele;2
Cleide;2
Sujana;2
Andreína;2
Gabrielly;2
Mel;2
Janira;2
Geovanna;2
Adele;2
Celeste;2
Nayr;2
Aliya;2
Raíssa;2
Alycia;2
Berenice;2
Cadija;2
Hafsa;2
Virgínia;2
Bebiana;2
Anny;2
Luenna;2
Nelsa;2
Izabella;2
Julia;2
Neide;2
Evelin;2
Simona;2
Jessie;2
Surya;2
Gina;2
Ayra;2
Rosalina;2
Jane;2
Lisa;2
Tainara;2
Jasmine;2
Miria;2
Mellanie;2
Ndeye;2
Hasna;1
Miruna;1
Belle;1
Adalbmira;1
Dâmaris;1
Moira;1
Rosinda;1
Wiliana;1
Janna;1
Enily;1
Tita;1
Kentia;1
Isabely;1
Hasmara;1
Danniielly;1
Djacqueline;1
Shayenne;1
Jaycee;1
Tajpreet;1
Edegarnia;1
Khyara;1
Magalie;1
Lilly;1
Emanuele;1
Giselle;1
Jacqueline;1
Allicy;1
Tayanne;1
Evelyne;1
All;1
Redhana;1
Khushpreet;1
Magali;1
Lyssa;1
Hapel;1
Alsusy;1
Khloé;1
Jasira;1
Idjatu;1
Neidivana;1
Saphira;1
Svetlana;1
Palmira;1
Licínia;1
Laia;1
Andy;1
Marle;1
Robella;1
Keyna;1
Shanti;1
Isys;1
Roumaysa;1
Ricardina;1
Epifânia;1
Vivianne;1
Talícia;1
Valdimira;1
Stéphane;1
Maxine;1
Yvana;1
Zora;1
Tayane;1
Lavonne;1
Umaro;1
Thays;1
Anise;1
Loane;1
Assmaa;1
Clotilde;1
Evalyn;1
Thyara;1
Anusrita;1
Juli;1
Elcy;1
Cínara;1
Rey;1
Prasiddi;1
Taiana;1
Cathaleya;1
Chisom;1
Yellen;1
Joya;1
Kathrine;1
Miftah;1
Talia;1
Zahira;1
Nikita;1
Arione;1
Bipashna;1
Shakira;1
Zalia;1
Mahia;1
Tabata;1
Kalyani;1
Khushmeet;1
Crismara;1
Kezia;1
Tatheer;1
Daymin;1
Tahmarah;1
Garima;1
Helciany;1
Itamara;1
Inga;1
Olive;1
Mihaela;1
Gabi;1
Vasilisa;1
Afonsina;1
Ariella;1
Layan;1
Midha;1
Kyla;1
Chimalavera;1
Sarika;1
Aimeé;1
Sófia;1
Ara;1
Isabelle;1
Conceição;1
Anurroi;1
Yankshee;1
Bronoéalfate;1
Mariluz;1
Keilany;1
Nahari;1
Dariana;1
Adriane;1
Jeanne;1
Valeria;1
Vanélssia;1
Keerat;1
Lis;1
Anastasiya;1
Bernadette;1
Naziat;1
Darcieny;1
Fradiana;1
Marlice;1
Nísia;1
Aahana;1
Énia;1
Xiang;1
Thylane;1
Évelyn;1
Suriah;1
Lotte;1
Almerinda;1
Luege;1
Lissandra;1
Nevena;1
Zahara;1
Fanny;1
Fabijana;1
Hélida;1
Lasilis;1
Violeta-Maria;1
Hala;1
Eleni;1
Aylén;1
Anagila;1
Ingrid;1
Lowrannie;1
Mame;1
Keri;1
Ashanty;1
Solene;1
Abinsha;1
Mireya;1
Jayara;1
Christine;1
Allet;1
Jorzana;1
Jane-Grace;1
Christiane;1
Jingwen;1
Hendra;1
Kamilla;1
Alicya;1
Yohanni;1
Marcelina;1
Gilsa;1
Gelcyara;1
Edilssa;1
Antonya;1
Lianor;1
Dinora;1
Maisha;1
Leisiana;1
Nícia;1
Aliéne;1
Kellen;1
Wen;1
Djariato;1
Djanira;1
CoraMae;1
Alexandrina;1
Addis;1
Prinsha;1
Rayna;1
Giselene;1
Georgeta;1
Cyara;1
Aliah;1
Timea;1
Njinga;1
Aksinia;1
Casey;1
Ágnes-Dorottya;1
Nayelle;1
Adan;1
Vida;1
Ifra;1
Leana;1
Nika;1
Daphne;1
Saffron;1
Laibah;1
Aina;1
Salete;1
Arisha;1
Jeicilin;1
Kisa;1
Ysys;1
Ivanne;1
Noor;1
Vanilda;1
Zainab;1
Faiza;1
Sonam;1
Yafei;1
Maíra;1
Keily;1
Omara;1
Bianka;1
Anami;1
Kayana;1
Noá;1
Maanvika;1
Lectícia;1
Elvina;1
Lauren;1
Ramatoulaye;1
Jasleen;1
Jamily;1
Xénia;1
Alia;1
Noelle;1
Elana;1
Marya;1
Leiza;1
Noémia;1
Lakshmi;1
Sónya;1
Shahrizoda;1
Iolanda;1
Leocádia;1
Hiranya;1
Isra;1
Lucia;1
Liziane;1
Chelsy;1
Lorenza;1
Rosângela;1
Sadiya;1
Nirian;1
Cellen;1
Amal;1
Namaaha;1
Daniely;1
Tayline;1
Snow;1
Savannah;1
Keya;1
Manraj;1
Kiláry;1
Ribana;1
Avni;1
Joaninha;1
Neomi;1
Elany;1
Aira;1
Nayarah;1
Lidiany;1
Salemata;1
Dilca;1
Albena;1
Jossara;1
Surita;1
Marilinda;1
Ezequiela;1
Annaysa;1
Maddalena;1
Layne;1
Jassira;1
MariaLuísa;1
Nami;1
Hania;1
Suphatsara;1
N'Nasta;1
Helen;1
Malú;1
Anícia;1
Angel;1
Carlotta;1
Priyanka;1
Medea;1
Hassanatou;1
Mushtaribonu;1
Denysa;1
Salma;1
Hélcia;1
Huda;1
Vlada;1
Eleonora;1
Benice;1
Yunxi;1
Salamata;1
Suellen;1
Nelsiany;1
Gulmira;1
Jenifer;1
Kristi;1
Arima;1
Evie;1
Anni;1
Naery;1
Ussainatu;1
Elmara;1
Persília;1
Kassyane;1
Hajar;1
Wayela;1
Ke;1
Ayara;1
Cataleia;1
korine;1
Beatrix;1
Rahemeen;1
Devni;1
Ritaj;1
Alesia;1
Felipa;1
Florença;1
Eshaal;1
Talita;1
Greicekelly;1
Dana;1
Euridce;1
Késsia;1
Ayanne;1
Pyetra;1
Ewa;1
Adanna;1
Átila;1
Geneza;1
Jaciara;1
Arohi;1
Lisbon;1
Nilsiane;1
Ariadna;1
Neydiani;1
Umaiza;1
Joaquim;1
Navsirat;1
Juelma;1
Fiona;1
Berta;1
Luyana;1
Varvâra;1
Túlia;1
Amelie;1
Josemara;1
Joaquina;1
Caterine;1
Simão;1
Aleesha;1
Sonia;1
Aleisa;1
Quéren;1
Francisa;1
Alise;1
Julyvalda;1
Floy;1
Ryhana;1
Denitsha;1
Marah;1
Morayooluwa;1
Marilyn;1
Yoná;1
Harleen;1
Feliciana;1
Aziza;1
Selina;1
Parisa;1
Evellyn;1
Jackeline;1
Biana;1
Dune;1
Alésia;1
Liliia;1
Máriyah;1
Amarílys;1
Stanislawa;1
Tessália;1
Natasha;1
Marcia;1
Radassa;1
Dione;1
Malia;1
Laya;1
Layanne;1
Julciane;1
Nidhi;1
Yasmim;1
Ella;1
Carmina;1
Arminé;1
Moana;1
Dadivania;1
Mahakdip;1
Natércia;1
Nazariel;1
Jeovana;1
Caterina;1
Juisney;1
Malaz;1
Arielly;1
Japjot;1
Deisy;1
Maahirah;1
Solayra;1
Kélcia;1
Hilola;1
Málua;1
Edmara;1
Shaskia;1
Rissia;1
Williane;1
Jaylin;1
Kendall;1
Kaylie;1
Bryanna;1
Manuella;1
Kessya;1
Yan;1
Destiny;1
Abrish;1
Ludyanne;1
Wizana;1
Brisha;1
Syrine;1
Samicha;1
Clezia;1
Dharyani;1
Manahil;1
Gara;1
Assia;1
Khadidiatou;1
Noecris;1
Monica;1
Raisa;1
Arissa;1
Ashmeet;1
Mylena;1
Gisola;1
Eknoor;1
Oliwia;1
Nimi;1
Libânia;1
Constanza;1
Nisa;1
Yoshika;1
Yunna;1
Tenzin;1
Aissa;1
Julieth;1
Sashi;1
Josiana;1
Yelissa;1
Seynabou;1
Nayomi;1
Suvannah;1
Sandy;1
Palomá;1
Magdalena;1
Sulamita;1
Pritisha;1
Mehribon;1
Djenabú;1
Nayára;1
Deye;1
Késia;1
Nidiane;1
Liriane;1
Patricia;1
Stephanny;1
Tshelika;1
Djamilatu;1
Dáriane;1
Yeomney;1
Sury;1
Abbie;1
Kirpagurasis;1
Alfatihah;1
Rhoda;1
Lucie;1
Buia;1
Amara;1
Gilda;1
Edilzy;1
Glaucivania;1
Kiany;1
Kessia;1
Naiesha;1
Jada;1
Tong;1
Laksmi;1
Anne;1
Vruti;1
Jilsiany;1
Mahira;1
Nicol;1
Navroz;1
Ariadne;1
Steveandra;1
Aprilia;1
Ruth;1
Sabina;1
Alcilane;1
Naylah;1
Kaela;1
Rosária;1
Eiman;1
Bristi;1
Dolores;1
Emiliana;1
Joicy;1
Yufei;1
Maïdo;1
Niah;1
Dhiyanshi;1
Klery;1
Delcia;1
Ostara;1
Gudusuaina;1
Heidy;1
Electra;1
Caroline;1
Leslie;1
Cadijato;1
Chiara;1
Scarlett;1
Cici;1
Aniara;1
Miah;1
Jottália;1
Giuliana;1
Eulinia;1
Marisela;1
Katalya;1
Axelle;1
Yumi;1
Harnoor;1
Laurena;1
Eloah;1
Elleonor;1
Adchaeiny;1
Jordanna;1
Audrey;1
Ululani;1
Katrin;1
Kamilly;1
Sadjo;1
Ilsa;1
Glenda;1
Teodora;1
Abhineet;1
Ismaela;1
Elis;1
Dadivina;1
Amritjot;1
Angelika;1
ELoíza;1
Karnjeet;1
Edneyja;1
Zenaida;1
Ndaye;1
Dania;1
Qristina;1
Philomène;1
Sejal;1
Blendcy;1
Iva;1
Yaqoot;1
Laurinda;1
Nerissa;1
Tian;1
Mara-Grace;1
Elisabeta;1
Dezayre;1
Elaina;1
Ashveen;1
Kenza;1
Cathrionna;1
Khaleesi;1
Karoliny;1
Nariel;1
Amna;1
Piya;1
Nazaré;1
Gelila;1
Thais;1
Gesciana;1
Délia;1
Kyana;1
Romana;1
Kiendra;1
Rio;1
Selena;1
Alaina;1
Arieli;1
Mansikha;1
Kailanny;1
Dounia;1
Erika-Daniela;1
Adira;1
Janine;1
Smahir;1
Kellyn;1
Gabrielle;1
Mizuki;1
Namira;1
Shariya;1
Catia;1
Pretty;1
Ngenda;1
Andriana;1
Acácia;1
Yêda;1
Yulia;1
Vanine;1
Constânça;1
Manmeet;1
Ilyana;1
Ruby;1
Silvia;1
Sofya;1
Medeea;1
Túlipa;1
Katerin;1
Agneya;1
Yuwei;1
Khando;1
M'mahawa;1
Hadija;1
Lilia;1
Acakarein;1
Sukhmeet;1
Kayma;1
Juliet;1
Gianna;1
Lenicy;1
Saana;1
Eárine;1
Célia;1
Nadyne;1
Mabel;1
Laíz;1
Agnes;1
Swikriti;1
Eugénia;1
Anoek;1
Fabrícia;1
June;1
Franziska;1
Fredilsa;1
Jessy;1
Taranjit;1
Shayanne;1
Mannat;1
Wilsia;1
Betânia;1
Saskia;1
Deolinda;1
Melek;1
Ábda;1
Astha;1
Enora;1
Carlene;1
Sintra;1
Giana;1
Keimilly;1
Heluísa;1
Itiele;1
Halana;1
Marianna;1
Anira;1
Lania;1
Génesis;1
Nahary;1
Gélsia;1
Ursula;1
Wyssan;1
Xiyu;1
Rayannie;1
Ioana;1
Josianne;1
Daiane;1
Helga;1
Patrisia;1
Lukeni;1
Agustina;1
Adely;1
Stefania-Mioara;1
Alexya;1
Khiiara;1
Thalita;1
Biyu;1
Antonela;1
leonor;1
Elliane;1
Kihara;1
Dadivânia;1
Evandra;1
Savana;1
Niza;1
Wueza;1
Ninara;1
Weidy;1
Miriãn;1
Zhara;1
Elody;1
Celmira;1
Solomia;1
Isla;1
Raniyah;1
Jofrania;1
Soline;1
Mari;1
Karol;1
Kessyah;1
Chantell;1
Rasan;1
Dafny;1
Carole;1
Rhebekka;1
Margaryta;1
Aynara;1
Cibele;1
Maysa;1
Danielle;1
Suryanne;1
Yuhan;1
Lilya;1
Lilu;1
Casimira;1
Maryana;1
Katherine;1
Miglena;1
Jordana;1
Mariah;1
Rafa;1
Pixie;1
Manreet;1
Yokana;1
Nicolle;1
Alanis;1
Núbia;1
Âmbar;1
Aylin;1
Sayesha;1
Aryanna;1
Elyanne;1
Amissette;1
Emanuelly;1
Regina;1
Rocio;1
Xinyan;1
Ivandra;1
Melinie;1
Idiatou;1
Solomiia;1
Suhveen;1
Laércia;1
Brisa;1
Orianna;1
Luinysa;1
Nelcy;1
Aniya;1
Pallavi;1
Kessyane;1
Xica;1
Mansirat;1
India-Rose;1
Yoanna;1
Naiane;1
Senhorinha;1
Dineia;1
Yuxuan;1
Estera;1
Dinica;1
Binta;1
Árya;1
Yaroslava;1
Kassyani;1
Rafia;1
Vedanshi;1
Nimrat;1
Kênia;1
Ivaldira;1
Àurea;1
Camélia;1
Sancha;1
Danacan;1
Natali;1
Myra;1
Houssainatou;1
Ketleliny;1
Shael;1
Sáli;1
Heloá;1
Ketlyn;1
Iracema;1
Frida;1
Luciane;1
Shareen;1
Divija;1
Subana;1
Aurélia;1
Ayhane;1
Iria;1
Kadija;1
Mariame;1
Harkirat;1
Belisa;1
Chelse;1
Jaqueline;1
Maryon;1
Felícia;1
Lidiane;1
Élice;1
Dianna;1
Luine;1
Siara;1
Açucena;1
Helaine;1
Hamda;1
Lohana;1
Tayanni;1
Williana;1
Vania;1
José;1
Isabelina;1
Adifaah;1
Constância;1
Rihana;1
Nigina;1
Humaira;1
Acricia;1
Kyra;1
Dércia;1
Erin;1
Nia;1
Romane;1
Niriani;1
Cáren;1
Annelise;1
Yngrid;1
Nayleen;1
Lays;1
Sania;1
Élis;1
Roshni;1
Roseane;1
Xiluva;1
Alena;1
Melánie;1
Taysha;1
Taciana;1
Carmel;1
Shayana;1
Zulai;1
Raihanny;1
Hellena;1
Emelly;1
Maika;1
Lorrainy;1
Nevelly;1
Ciyara;1
Aiza;1
Ivânia;1
Amaris;1
Mabinty;1
Simrik;1
Handreia;1
Madalina;1
Noah;1
Anuradha;1
Kemily;1
Keyanna;1
Nirjala;1
Kátia;1
Mircya;1
Neyllin;1
Kyomara;1
Parissa;1
Sanjida;1
Dariya;1
Malu;1
Aniery;1
Daisy;1
Iuliana;1
Beatris;1
Gurleen;1
Dalanda;1
Afreen;1
Lweji;1
Pendasecka;1
Zhoé;1
Tanveen;1
Cyntia;1
Farha;1
Laila;1
Astou;1
Fatou;1
Rajina;1
Nayel;1
Emanuely;1
Divyanka;1
Carlize;1
Luane;1
Anabia;1
Cherry;1
Émilly;1
Vidhi;1
Daiany;1
Rayana;1
Yian;1
Riman;1
Osvaldeclenia;1
Paulina;1
Dianilse;1
Suvigya;1
Otchali;1
Joseline;1
Anureet;1
Ulmira;1
Raiane;1
Yesmine;1
Sole;1
Silmery;1
Armanda;1
Anaïs;1
Graciete;1
Aglaya;1
Shahshenazneet;1
Janete;1
Keitlyn;1
Subasna;1
Khloe;1
Jaylee;1
Hilma;1
Yanxi;1
Aurelie;1
Fabyene;1
Cristela;1
Evilly;1
Luanny;1
Dámaris;1
Joselina;1
Britney;1
Domingas;1
Gianny;1
Yalissa;1
Yani;1
Kathleen;1
Alanya;1
Tannisha;1
Melisa;1
Charline;1
Japleen;1
Zhiqi;1
Cleidiane;1
Laureanny;1
Naíra;1
Roxana;1
Lwena;1
Florence;1
Angeljot;1
Tshayene;1
Safwa;1
Edit;1
Velina;1
Judite;1
Rosedeep;1
Hosana;1
Alcione;1
Jazzmine;1
Tilia;1
Daliah;1
Alyara;1
Meera;1
Malena;1
Mahima;1
Shiyu;1
Mateus;1
Joi;1
Steffany;1
Prudência;1
Slaveya;1
Kremena;1
Daina;1
Gala;1
Kássya;1
Inaara;1
Livia;1
Jailma;1
Priyani;1
Judith;1
Harseerat;1
Sanuthi;1
Desidéria;1
Zoya;1
Kellyne;1
Mileyna;1
Preciosa;1
Eliete;1
Amandeed;1
Jannat;1
Laurel;1
Izabela;1
Sura;1
Malie;1
Stefane;1
Dylara;1
Helene;1
Bareerah;1
Marion;1
Yashna;1
Inna;1
Junira;1
Madelene;1
Awa;1
Mayline;1
Elisiane;1
Alysha;1
Niara;1
Skylar;1
Marli;1
Sohany;1
Aixa;1
Rosana;1
Nahyma;1
Tasmia;1
Paola;1
Murphy;1
Tawila;1
Ayana;1
Mayana;1
Kiuma;1
Fenda;1
Edineusa;1
Aliyah;1
Muntaha;1
Lyane;1
Zi;1
Vittória;1
April;1
Aljahzye;1
Dgeorgia;1
Joquebede;1
Yolela;1
Wilma;1
Anam;1
Shabih;1
Danya;1
Seomara;1
Cindy;1
Alécia;1
Fylipa;1
Anayah;1
Larayumi;1
Sumayya;1
Léanor;1
Liah;1
Margarita;1
Ezra;1
Keity;1
Lily;1
Debra;1
Nicoly;1
Ilda;1
Avonlea;1
Siomara;1
Cinthya;1
Apani;1
Valnice;1
Vitorina;1
Adija;1
Mabell;1
Stefaniia;1
Aynoah;1
Miya;1
Rouguiatou;1
Papoila;1
Nusaybah;1
Claire;1
Gurmehek;1
Léa;1
Namita;1
Raluca;1
Kissia;1
Lysie;1
Nura;1
Miriã;1
Jullia;1
Naila;1
Aariyana;1
Lanna;1
Marguerite;1
Priyanshi;1
Ebenézer;1
Ni;1
Ilinca;1
Eliany;1
Octávia;1
Rayanna;1
Joseane;1
Emaan;1
Alaia;1
Nuo;1
Mali;1
Cleopatra;1
Brishma;1
Jidaya;1
Ruama;1
Filippa;1
Snigdhita;1
Oleksandra;1
Jasnoor;1
Vlinder;1
Sahory;1
Cinthia;1
Sanae;1
Dionisia;1
Thayssa;1
Gernaísa;1
Inajé;1
Zayra;1
Nghoite;1
Wania;1
Pregua;1
Shahreen;1
Tâlyana;1
Sewani;1
Josy;1
Story;1
Solikha;1
Kayannie;1
Brígida;1
Yolanda;1
Sonima;1
Heliana;1
Suryn;1
Annie;1
Lhajin;1
Kaylla;1
Geralda;1
Idália;1
Johanna;1
Rubina;1
Kauana;1
Jesica;1
Ohanna;1
Priyancy;1
Teyana;1
Laissa;1
Sarina;1
Amaia;1
Kadiatou;1
Arafah;1
Jassirat;1
Ivory;1
Willow;1
Noorfatema;1
Adelle;1
Robin;1
Irley;1
Wiliane;1
Xinduo;1
Béatrice;1
Leofátima;1
Georgia;1
Mélyssa;1
Manuelly;1
Gloria;1
Lhya;1
Eugenia;1
Djalvin;1
Giulhia;1
Lakisha;1
Inesa;1
Kylie;1
Isnani;1
Amber;1
Mina;1
Hayaa;1
Yanni;1
Minodora;1
Vítória;1
Geiza;1
Krystal;1
Annick;1
Áminah;1
Irada;1
Marieta;1
Makayla;1
Ermelinda;1
Abimaela;1
Johaina;1
Adrielly;1
Harsirat;1
Shanaya;1
Kiami;1
Alyne;1
Tchali;1
Lêan;1
Blessing;1
Madeha;1
Suse;1
Silke;1
Brigite;1
Gurseerat;1
Gael;1
Rafaely;1
Claudia;1
Leticya;1
Shreesha;1
Kelsie;1
Carine;1
Adrielle;1
Yossane;1
Génises;1
Clarice;1
Carmela;1
Jucemara;1
Abeeha;1
Cristhieny;1
Zainabou;1
Shantelle;1
Eduwina;1
Samiya;1
Emiliane;1
Naima;1
Ekaterina;1
Biatriz;1
Oana;1
Angelini;1
Luiyane;1
Ribiya;1
Severina;1
Lovleen;1
Priscilla;1
Edyane;1
Anisia;1
Minerva;1
Silvie;1
Neria;1
Jeshika;1
Chandra;1
Dominica;1
Mirella;1
Nadir;1
Lika;1
Juno;1
Ivanka;1
Doralice;1
Radijah;1
Nataniela;1
Yori;1
Uriyanne;1
Aniella;1
Gracinda;1
Timélzia;1
Miryan;1
Catherine;1
Yohana;1
Annael;1
Beatrice;1
Ludiana;1
Kexin;1
Susete;1
Shuyi;1
Cattleya;1
Stuti;1
Lyra;1
Eloá;1
Thailine;1
Neliza;1
Dayanne;1
Orange;1
Idalete;1
Clementine;1
Binto;1
Adymara;1
Érika;1
Krishti;1
Aaryesha;1
Josélia;1
Zjoana;1
Iana;1
Shanzay;1
Anastassia;1
Imani;1
Neise;1
Ravneet;1
Deanna;1
Abeedha;1
Miroslava;1
Ieva;1
Enzel;1
Aarya;1
Hélcias;1
Nuryam;1
Syeda;1
Zoleta;1
Ailla;1
Suntu;1
Tinka;1
Aísha;1
Alissia;1
Zamy;1
Laurentina;1
Diljot;1
Yile;1
Abby;1
Aleena;1
Timeea;1
Augusta;1
Elísia;1
Kavina;1
Kianna;1
Cassilda;1
Nuria;1
Tayna;1
Sianna;1
Iamara;1
Ysabella;1
Tasia;1
Reezma;1
Fatoumata;1
Bidushi;1
Thiara;1
Geisa;1
Lawan;1
Silivondela;1
Santiago;2084
João;1773
Francisco;1687
Rodrigo;1553
Martim;1497
Afonso;1354
Tomás;1340
Miguel;1192
Duarte;1177
Gabriel;1111
Lourenço;1110
Gonçalo;1085
Pedro;1072
Guilherme;1042
Tiago;971
Dinis;928
Rafael;912
Diogo;888
Lucas;834
Salvador;831
Gustavo;760
David;744
Vicente;711
Simão;681
José;679
Mateus;588
Diego;553
Manuel;515
Henrique;514
António;513
Daniel;510
Vasco;474
Leonardo;420
Bernardo;405
André;397
Luís;382
Enzo;375
Eduardo;329
Alexandre;273
Isaac;259
Kevin;258
Rúben;224
Filipe;221
Matias;216
Leandro;208
Xavier;201
Ricardo;186
Samuel;179
Artur;162
Nuno;141
Bruno;139
Carlos;135
Davi;122
Sebastião;121
Hugo;119
Valentim;114
Rui;113
Frederico;103
Renato;102
Bryan;100
Jorge;87
Lorenzo;81
Benjamim;77
Joaquim;75
Paulo;75
Marco;73
Noah;72
Mário;68
Fábio;66
Jaime;63
Manel;57
Tomé;55
William;55
Cristiano;54
Ângelo;53
Micael;53
Gil;53
Ivo;52
Edgar;52
Raúl;51
Fernando;50
Brian;44
Ivan;44
César;42
Emanuel;40
Gaspar;39
Luca;39
Vítor;37
Romeu;37
Sandro;37
Dilan;37
Sérgio;36
Alex;35
Igor;35
Eric;35
Marcelo;33
Elias;32
Denis;31
Caio;31
Isac;29
Ismael;29
Liam;28
Lisandro;27
Jonathan;27
Moisés;27
Yuri;26
Muhammad;26
Josué;26
Cláudio;26
Mauro;25
Adrien;25
Danilo;24
Joel;24
Erik;24
Álvaro;23
Nelson;23
Dário;23
Márcio;22
Martinho;22
Wesley;22
Matheus;22
Levi;22
Telmo;22
Marcos;21
Júlio;21
Wilson;21
Martin;20
Victor;20
Leonel;20
Arthur;19
Leo;19
Oliver;19
Abel;18
Thiago;18
Cristian;18
Benjamin;18
Dylan;17
Misael;17
Edson;17
Ian;17
Fausto;16
Christian;16
Ezequiel;15
Jonas;15
Andrei;15
Raul;15
Gerson;15
Giovani;14
Caetano;14
Matteo;14
Luan;14
Ryan;14
Adam;13
Hélder;13
Nicolau;12
Sebastian;12
Cauã;12
Patrick;12
Estêvão;12
Flávio;12
Adriano;12
James;12
Óscar;12
Nicolas;11
Alexandru;11
Kelvin;11
Joshua;11
Roberto;11
Kendrick;11
Augusto;11
Cristóvão;11
Alberto;11
Jesus;10
Natanael;10
Domingos;10
Vitor;10
Adriel;10
Erick;10
Mark;10
Jason;10
Davide;10
Ruben;10
Félix;10
Marcus;10
Luciano;10
Denzel;10
Heitor;10
Jonatã;9
Gael;9
Iúri;9
Aléxis;9
Kévim;9
Mikael;9
Aron;8
Luis;8
Israel;8
Lucca;8
Ulisses;8
Alonso;8
Thomas;8
Célio;8
Helder;8
Dennis;8
Mohammad;8
Rúdi;8
Rayan;8
Damien;8
Edmundo;7
Mohamed;7
Adrian;7
Ary;7
Noé;7
Agostinho;7
Nataniel;7
Valentino;7
Maurício;7
Fabrício;7
Denilson;7
Felipe;7
Theo;7
Éder;7
Orlando;7
Pietro;7
Joabe;7
Ravi;7
Isaque;7
Rogério;7
Américo;7
Enrique;7
Raphael;7
Aaron;6
Alexandro;6
Juliano;6
Breno;6
Jónatas;6
Jair;6
Ianis;6
Isael;6
Robert;6
Salomão;6
Ícaro;6
Tobias;6
Amadeu;6
Júnior;6
Kenzo;6
Nathan;6
Kauã;6
Ibrahim;6
Alexander;6
Omar;6
Anselmo;6
Fred;5
Élson;5
Zion;5
Théo;5
Jayden;5
Eduard;5
Válter;5
Henry;5
Mickael;5
Diniz;5
Mateo;5
Samir;5
Lúcio;5
Kennedy;5
Tierri;5
Messias;5
Hélio;5
Abdul;5
Humberto;5
Antonio;5
Celso;5
Marlon;5
Jerónimo;5
Kauan;5
Timóteo;5
Haniel;5
Iago;5
Stefan;5
Eliel;5
Armando;5
Giovanni;5
Dominic;5
Derick;5
Jayson;5
Liedson;5
Daniil;4
Adonai;4
Hernâni;4
Absalão;4
Jessé;4
Ethan;4
Hazael;4
Yu;4
Damian;4
Maksym;4
Mamadou;4
Angelo;4
Amir;4
Giani;4
Yannick;4
Evan;4
Azael;4
Zaqueu;4
Kelton;4
Maksim;4
Milan;4
Maxim;4
Ruan;4
Jaden;4
Anderson;4
Yanni;4
Matviy;4
Chris;4
Marcelino;4
Apolo;4
Silvestre;4
Aires;4
Brayan;4
Jairo;4
Ayaan;4
Timur;4
Alessandro;4
Alfredo;4
Martín;4
Keven;4
Kiamy;4
Lázaro;4
Max;4
Alan;4
Bento;4
Saúl;4
Isaías;4
Lukas;4
Kian;4
Djeyson;4
Darius;4
Mohammed;4
Matei;4
Eliézer;4
Aryan;4
Pablo;4
Youssef;4
Anthony;4
Luiz;4
Armaan;3
Kleyton;3
Evandro;3
Angélico;3
Artyom;3
Josias;3
Nilson;3
Marvin;3
Máximo;3
Marley;3
Kévin;3
Délcio;3
Benício;3
Yohan;3
Deivid;3
Uriel;3
Raphaël;3
Vladimir;3
Lopo;3
Nicollas;3
Oziel;3
Steven;3
Nikita;3
Aleksandr;3
Inácio;3
Vladislav;3
Prince;3
Abdullah;3
George;3
Dante;3
Derek;3
Axel;3
Eurico;3
Zayn;3
Johnny;3
Elijah;3
Baltasar;3
Gastão;3
Felix;3
Nicholas;3
Ioan;3
Fabiano;3
Rubim;3
Delmar;3
Michael;3
Sancho;3
Arsénio;3
Francesco;3
Armindo;3
Jack;3
Valentin;3
Rubi;3
Christopher;3
Eder;3
Abdoulaye;3
Maximus;3
Neymar;3
Jan;3
Richard;3
Reinaldo;3
Ion;3
Delfim;3
Nazar;3
Jacinto;3
Juan;3
Ezio;3
Emídio;3
Virgílio;3
Kelson;3
Davy;3
Bogdan;3
Sílvio;3
Alexandr;3
Diamantino;3
Louis;3
Emmanuel;3
Iulian;3
Oscar;3
Tito;3
Nilton;3
Nélson;3
Gusttavo;2
Estevão;2
Aarnav;2
Jeferson;2
Joseph;2
Agrim;2
Lamarana;2
Helton;2
Édi;2
Wallace;2
Danilson;2
Keyson;2
Belchior;2
Dérick;2
Walter;2
Albert;2
Fernão;2
Shayan;2
Mario;2
Kael;2
Mustafa;2
Georgi;2
Anael;2
Francis;2
Esteban;2
Enoque;2
Hermano;2
Kiari;2
Mílton;2
Ibrahima;2
Calebe;2
Simon;2
Ezra;2
Yannis;2
Mauri;2
Emílio;2
Tom;2
Willian;2
Hamilton;2
Kayden;2
Tyron;2
Abraão;2
Elielson;2
Laércio;2
Hao;2
Guransh;2
Eli;2
Atanas;2
Eddy;2
Ming;2
Ivanilson;2
Jefferson;2
Fabian;2
Marcel;2
Vasile;2
Kimi;2
Bartolomeu;2
Jia;2
Cédric;2
Arnaldo;2
Valter;2
Eliseu;2
Kyami;2
Edir;2
Jóni;2
Léon;2
Mariano;2
Kyle;2
Cael;2
Kirill;2
Nikolai;2
Henzo;2
Rodney;2
Michel;2
Lev;2
Lui;2
Yi;2
Rodolfo;2
Ben;2
Nathaniel;2
Camilo;2
Giovany;2
Kushal;2
Samoa;2
Alcino;2
Jun;2
Filip;2
Túlio;2
Kaio;2
Élton;2
Elói;2
Abrão;2
Atílio;2
Asael;2
Nélio;2
Arman;2
Cristovão;2
Jadir;2
Viriato;2
Oleksandr;2
Eden;2
Ionut;2
Abílio;2
Ahmad;2
Ayrton;2
Jimmy;2
Gelson;2
Eusébio;2
Éric;2
Teófilo;2
Ilídio;2
Luka;2
Antoine;2
Harry;2
Luke;2
Finn;2
Hilário;2
Jordan;2
Antônio;2
Aayush;2
Maximiano;2
Brahim;2
Zhen;2
Andriy;2
Gilberto;2
Tyler;2
Avelino;2
Kevyn;2
Arian;2
Lian;2
Antero;2
Nicolae;2
Milton;2
Pavel;2
Jonata;2
Adrián;2
Romão;2
Janilson;2
Dario;2
Damião;2
Stephen;2
Raj;2
Zé;2
Alvin;2
Mathias;2
Osvaldo;2
Gianluca;2
Edwin;2
Jamie;2
Russell;2
Ravidson;2
Destiny;2
Érico;2
Kyan;2
Mizael;2
Gilson;2
Ari;2
Dinarte;2
Patrício;2
Giorgi;2
Yaroslav;2
Teotónio;2
Adalberto;2
Santhiago;2
Amaro;2
Laurindo;2
Zihao;2
Nikolas;2
Kylian;2
Catalin;2
Djayson;2
Mouhamed;2
Claúdio;2
Bilal;2
Kristian;2
Oséias;2
Aarav;2
Jeremias;2
Ishan;2
Valdemar;2
Imran;2
Nilo;2
Kenny;2
Riyan;2
Aman;2
Januário;2
Rian;2
Nicola;2
Matthias;2
Fahd;1
Matheo;1
Chengman;1
Azizbek;1
Ashnoor;1
Victória;1
Ayad;1
Cassio;1
Kaiming;1
Gabriele;1
Jadiel;1
Jailson;1
Gabrieel;1
Afnan;1
Nik-Nikita;1
Mamadu;1
Denylson;1
Dérrick;1
Danielson;1
Haoxuan;1
Ledilson;1
Chester;1
Heleno;1
Miriam;1
Kabir;1
Kevindeep;1
Gurvir;1
Oceano;1
Emir;1
Serigne;1
Sahas;1
Muhamed;1
Malakai;1
Douglas;1
Adão;1
Seco;1
Arley;1
Efim;1
Zakaria;1
Kiame;1
Onassis;1
Sulaimane;1
Ariel;1
Kiary;1
Djeyv;1
Zehan;1
Ludgero;1
Safwana;1
Cauê;1
Jonathas;1
Emilton;1
Waqar;1
Augustin;1
Emessi;1
Saadvik;1
Camtai;1
Rudi;1
Krishna;1
Hamza;1
Vladmir;1
Ramires;1
Gui;1
Danny;1
Celino;1
Mladen;1
Owen;1
Osama;1
Wildy;1
Kenderson;1
Rudy;1
Hannes;1
Aykel;1
Jocel;1
Yuvraj;1
Aimar;1
Aramis;1
Matisse;1
Brayane;1
Edivânio;1
Nilmar;1
Leyon;1
Jessimar;1
Ericson;1
Ning;1
Yue;1
Zafar;1
Zaroon;1
Endy;1
Timotei;1
Hamad;1
Aagambir;1
Edison;1
Mykhail;1
Castelo;1
Julen;1
Pascoal;1
Kawame;1
Saan;1
Odairson;1
Oualid;1
Hyrningur;1
Vladut;1
Rayson;1
Hargunjit;1
Lavesh;1
Micah;1
Diinis;1
Adonias;1
Lewie;1
Wade;1
Luaan;1
Todor;1
Wayami;1
Cheng;1
Keidan;1
Elbercio;1
Szymon;1
Râzvan;1
Matvii;1
Alesandro;1
Agatângelo;1
Sisley;1
Japnoor;1
Jovani;1
Kalebe;1
Damir;1
Sáli;1
Helmer;1
Emerson;1
Claudiu-Alexandru;1
Siraje;1
Eddie;1
Brudy;1
Kadirkhan;1
Baldvin;1
Michail;1
Denil;1
Wilmer;1
Spartaki;1
Andrés;1
Elysée;1
M'Hammed;1
Junior;1
Jubin;1
Abhinav;1
Dionísio;1
Jahongir;1
Mussa;1
Zarshed;1
Giomaro;1
Hussain;1
Cedrick;1
Ahmed;1
Ehinonmen;1
Ishaan;1
Joelson;1
Gino;1
Secuna;1
Rider;1
Ishmeet;1
Yixun;1
Olivier;1
Svyatoslav;1
Randeep;1
Elisei;1
Gleb;1
Elvis;1
Mayson;1
Demétrius;1
Kelvy;1
Artemiy;1
Adit;1
Jaylson;1
Danael;1
Lukenny;1
Ycaro;1
Nelo;1
Xujie;1
Jean;1
Nawabjit;1
Renan;1
Abdallah;1
Marius;1
Tayson;1
Yohanne;1
Yamato;1
Dumitru;1
Yuwei;1
Efraim;1
Iashvizaman;1
Kelve;1
Mouctar;1
Erikson;1
Papa-Ndiogou;1
Harjot;1
Lhyam;1
GUSTAVO;1
Horácio;1
Lenny;1
Billy;1
Prabesh;1
Petar;1
Césaro;1
Adelino;1
Diljot;1
Suaré;1
Gaurav;1
Ustym;1
Shiyu;1
Keison;1
Gurjoban;1
Kahil;1
Kiese;1
Yunxiang;1
Andrii;1
Yuqi;1
Dileison;1
Diógenes;1
Nídio;1
Hassan;1
Labib;1
Abdulai;1
Tawseef;1
Homar;1
Soraia;1
Lewish;1
Unis;1
Eros;1
Anastácio;1
Ndiack;1
Alcides;1
Aram;1
Aleksander;1
Vilen;1
Webany;1
Esmael;1
Christiaan;1
Vasil;1
Pavlo;1
Kleiton;1
Jatniel;1
Runi;1
Temofiy;1
Bhav;1
Dmitrii;1
Widmilson;1
Jingchen;1
Reajul;1
Dailson;1
Andrey;1
Dominick;1
Edddy;1
Emeka;1
Kydyane;1
Juno;1
Aléssio;1
Kamal;1
Olmo;1
Yuhao;1
Zenith;1
Rhys;1
Sardor;1
Tymofiy;1
Thor;1
Kaleb;1
Jael;1
Matísse;1
Richad;1
Tchaly;1
Chaquil;1
Dênis;1
Fredy;1
Yamin;1
Adney;1
Laelson;1
Finlay;1
Ciriel;1
Phelix;1
Abdurrahim;1
Jofre;1
Syon;1
Júdice;1
Borrico;1
Venceslau;1
Samoil;1
Jamim;1
Shyam;1
Eron;1
Semen;1
Sixto;1
Zaíne;1
Crispim;1
Bráulio;1
Mikita;1
Rosil;1
Otchali;1
Muif;1
Kyllen;1
Iego;1
Arius;1
Malik;1
Daylon;1
Javlon;1
Zichen;1
Mahib;1
Kyari;1
Anicete;1
Yussuf;1
Adaylton;1
Helson;1
Clayton;1
Vincent;1
Manu;1
Ismar;1
Arv;1
Shyom;1
Aleck;1
Raimondo;1
Izidor;1
Yoami;1
Pasang;1
Lairton;1
Thierno;1
Alarick;1
Kahel;1
Marygots;1
Densel;1
Trendafil;1
Queba;1
Zhion;1
Jó;1
Smaran;1
Anantveer;1
Abdulaí;1
Etson;1
Cody;1
Dimas;1
Sálvio;1
Usaid;1
Yala;1
Anran;1
Umaro;1
Sanoel;1
Caelan;1
Keanu;1
Leónidas;1
Uirso;1
Alexsandro;1
Víctor;1
Wandy;1
Airton;1
Jood;1
Calvin;1
Evel;1
Olávio;1
Felisberto;1
Fateh;1
Derik;1
Adryan;1
Jagger;1
Iacov;1
Uziel;1
Haziel;1
Román;1
Elson;1
Ledison;1
Vincenzo;1
Tércio;1
Elisandro;1
Holger;1
Albano;1
Yuanlei;1
Haoyu;1
Brayne;1
Vitaliy;1
Yzaque;1
Freddie;1
Ino;1
Henri;1
Dillon;1
Sonny;1
Izyaan;1
Nirvair;1
Samyak;1
Aylan;1
Guiller;1
Iverson;1
Idirissa;1
Euclides;1
Jaziel;1
Julião;1
Rafaello;1
Wagner;1
Izak;1
Witsel;1
Alpha;1
Lésio;1
Liano;1
Mélvin;1
Nelio;1
Hyadi;1
Logan;1
Illya;1
Arik;1
Gheorghe;1
Ayan;1
Leydilson;1
Dikafany;1
Kripal;1
Ringo;1
Eliedson;1
Diofe;1
Rumi;1
Sergiu;1
Jaskaran;1
Luviano;1
Safal;1
Dominique;1
Daércio;1
Helmar;1
Roque;1
Siddhártha;1
Clever;1
Geovane;1
Rubén;1
Radu;1
Henock;1
Ysakor;1
Hérmen;1
Rassan;1
Casimiro;1
Marin;1
Ederson;1
Kunchok;1
Rillescas;1
Cidálio;1
Kiami;1
Énio;1
Virgínio;1
Aaravpreet;1
Nicolás;1
Declan;1
Claudison;1
Kissamá;1
Lukás;1
Asiel;1
Boris;1
Hérick;1
Dyon;1
Manasseh;1
JOSÉ;1
Shawn;1
Bunyodbek;1
Achut;1
Meregaly;1
Hicham;1
Braiany;1
Saico;1
Fílio;1
Mubasshir;1
Junaid;1
Edevaldo;1
Yuran;1
Adjassi;1
Yasser;1
Swikar;1
Aedécio;1
Ahnaf;1
Georgino;1
Petro;1
Egon;1
Josefhi;1
Elisson;1
Evangelos;1
Ekamjit;1
M'ma;1
Secundino;1
Aureo;1
Anton;1
Aymar;1
Taylor;1
Cassiano;1
Issa;1
Andriel;1
Arshaman;1
Ibraima;1
Silvio;1
Harrison;1
Sarbesh;1
Soki;1
Abrar;1
Belarmino;1
Artem;1
Apollo;1
Sebastián;1
Amar;1
Reuel;1
Haamed;1
Adrilld;1
Yossef;1
Dayvis;1
Tierry;1
Jerykson;1
Kellyson;1
Wildson;1
Naksh;1
Érick;1
Kawaren;1
Isandro;1
Leonelson;1
Safar;1
Klaus;1
Maison;1
Anmol;1
Lincoln;1
Markiyan;1
Sury;1
Charles;1
Tarcío;1
Herculano;1
Ailton;1
Kélcio;1
Evanildo;1
Syde;1
Abijot;1
Ibrain;1
Ivanildo;1
Kiezi;1
Solano;1
Krishant;1
Spencer;1
Thomás;1
Yóhane;1
Dongsheng;1
Eloy;1
Jhonatann;1
Deep;1
Harsh;1
Mattia;1
Karan;1
Alin;1
Ramzanbek;1
Gláucio;1
Wami;1
Ildeny;1
Damenaue;1
Ousmane;1
Nil;1
Flint;1
Vihaan;1
Deimos;1
Cristhian;1
Naulan;1
Odin;1
Tino;1
Martino;1
Jivreet;1
Enzu;1
Ítalo;1
Lyan;1
Sante;1
Auany;1
Arnav;1
Evickson;1
Adarsh;1
Nuwairan;1
Ildebrando;1
Art;1
Kabigya;1
Christyan;1
Linus;1
Giacomo;1
Flynn;1
Sabal;1
Neemias;1
Ronalld;1
Yinuo;1
Zhi;1
Oscár;1
Kiyan;1
Bleyner;1
Zuriel;1
Marbin;1
Cássio;1
Ebenezer;1
Otiniel;1
Sardorjon;1
Micaelsun;1
Kihelton;1
Alvaro;1
Elián;1
Denys;1
Helmo;1
Mairon;1
Valentyn;1
Murodjon;1
Tony;1
Kiane;1
Jahmeson;1
Laymir;1
Figo;1
Sidney;1
Madison;1
Yuxuan;1
Adolfo;1
Nadir;1
Aden;1
Kevan;1
Ivane;1
Stevan;1
Mordechai;1
Rayyan;1
Uriil;1
Alikhan;1
Frederic;1
Heyden;1
kevin;1
Lil;1
Elmer;1
Sameep;1
Mohamadu;1
Chrisland;1
Leonard;1
Tapan;1
Tahiman;1
Nicolay;1
Galileu;1
Murtuza;1
Alasdair;1
Yogyadeep;1
Navraj;1
Jamil;1
Aegison;1
Ruidney;1
Sauharda;1
Aniel;1
Rynaldo;1
Mesaque;1
Sidnei;1
Yohanni;1
Dheká;1
Ishaq;1
Aníbal;1
Jeydan;1
Xénon;1
Bhidan;1
Reyansh;1
Abdulmuiz;1
Timéo;1
Roger;1
Maycon;1
Maahin;1
Venâncio;1
Lesane;1
Van;1
Pagbe;1
Lucian;1
Abhiyan;1
Kénnedy;1
Manassés;1
Ken;1
Iaia;1
Sajid;1
Salvio;1
Hristo;1
Afraz;1
Elísio;1
Abdelrahman;1
Solal;1
Dhevin;1
Oumar;1
Ajit;1
Nelvin;1
Zinga;1
Eryk;1
Ery;1
Suprajeet;1
Osman;1
Kendji;1
Otniel;1
Jon;1
Kylain;1
Fortunato;1
Layron;1
Luizinho;1
Demetre;1
Mateen;1
Dawud;1
Bacar;1
Armandino;1
Wyter;1
Márvin;1
Ronney;1
Dénis;1
Filipo;1
Etiandro;1
Eliot;1
Nectarie;1
Gibril;1
River;1
Ayame;1
Elvandro;1
Raimond;1
Ji;1
Dárcio;1
Rene;1
Rivan;1
Abner;1
Frederick;1
Martiano;1
Ramsés;1
Pukuan;1
Harnoor;1
Haroun;1
Aristides;1
Eliezer;1
Montgomery;1
Asstemír;1
Kyanpreet;1
Matías;1
Ucheechi;1
Almir;1
Melvin;1
Vitalie;1
Aseem;1
Jeriel;1
Stanislav;1
Harman;1
Braima;1
Volodymyr;1
Mykail;1
Vuk;1
Riquelme;1
Luisberto;1
Mariusz;1
Edjailzen;1
Yann;1
Hércules;1
Estelvio;1
Nuño;1
Candido;1
Ramiro;1
Saad;1
Nirmay;1
Kwenda;1
Oclénio;1
Dione;1
Gaspard;1
Kelvyn;1
Tareak;1
Jeovani;1
Jucilino;1
Defence;1
Aquiles;1
Lechen;1
Iwan;1
Ignaz;1
Lyam;1
Vinildo;1
Shahbaz;1
Dani;1
Lohan;1
Emilian;1
Guido;1
Unuryan;1
Eun;1
Alejandro;1
Edgilson;1
Abubakarr;1
Gursher;1
Luizandro;1
Adilson;1
Lenilson;1
Omari;1
Hummels;1
Andgelo;1
Mourice;1
Adner;1
Anyfá;1
Rain;1
Ayman;1
Arif;1
Adwait;1
Kiluanji;1
Juelson;1
Ronilson;1
Caleb;1
Mattheo;1
Niones;1
Omid;1
Silas;1
Matvei;1
Yosefe;1
Yuliyan;1
Jiale;1
Allyson;1
Hericky;1
Omer;1
Zawadi;1
Lonnell;1
Liberato;1
Egídio;1
Sales;1
Gilcélio;1
Lapo;1
Anhsirk;1
Feliciano;1
Jaume;1
Gurpal;1
Arshman;1
Abilash;1
Bradley;1
Dimitar;1
Joliam;1
Kellvin;1
Rômulo;1
Anass;1
Abhyudaya;1
Sven;1
Yanick;1
Adenilson;1
Zexuan;1
Ilii;1
Ali;1
Énsol;1
Helione;1
Hector;1
Shaahan;1
Áleph;1
Benjamín;1
Ernesto;1
Alison;1
Olavo;1
Aakarshan;1
Cairon;1
Erilton;1
Akemi;1
Devlin;1
Ismail;1
Djeison;1
Aviraj;1
Leon;1
Dawani;1
Pepe;1
Brandon;1
Cleber;1
Nuelson;1
Kristopher;1
Sarbin;1
Louan;1
Laurent;1
Justo;1
Ilie-Matei;1
Hidanir;1
Lazar;1
Danil;1
Kareem;1
Sarmaan;1
Romero;1
Nezzar;1
Dilraj;1
Adyan;1
Sam;1
Qi;1
Papís;1
Vando;1
Aleyson;1
Alexson;1
Aylton;1
Kelvim;1
Viktor;1
Rajanbir;1
Chen;1
Alírio;1
Iyad;1
Mago;1
Elhadji;1
Maxuwell;1
Zakariya;1
Djaad;1
Luigi;1
Gabrieli;1
Tejasvir;1
Baburkhan;1
Dhavid;1
Yudi;1
Arseniy;1
Idrissa;1
Gurman;1
Andrew;1
Hélduiny;1
Aldo;1
Sami;1
Jandem;1
Wayamy;1
Lyann;1
Ronaldo;1
Vânio;1
Deivit;1
Amadu;1
Baltazar;1
Saamik;1
Django;1
Kaiser;1
Dieggo;1
Erikssander;1
Amâncio;1
Adame;1
Andres;1
Davyd;1
Mouhamadou;1
Guillermo;1
Licínio;1
Állan;1
Dinael;1
Teodoro;1
Zakhar;1
Delme;1
Gurnoor;1
Brayn;1
Kiven;1
Artiom;1
Aboubacar;1
Shuo;1
Álison;1
Aayan;1
Rivaldo;1
Yuming;1
Keicy;1
Yanis;1
Constantino;1
Leví;1
Vladymyr;1
Philipp;1
Dyllan;1
Rares;1
Edifanio;1
Tarciso;1
Sahib;1
Aaryan;1
Manteg;1
Ersílio;1
Qian;1
Dereck;1
Alexei;1
Iuri;1
Goundo;1
Joás;1
Aloísio;1
Adryel;1
Ekamjot;1
Erwan;1
Mezut;1
Dien;1
Renildo;1
Custódio;1
Muaz;1
Kayson;1
Henrico;1
Nehan;1
Sameed;1
Siméon;1
Josemar;1
Adenay;1
Stephan;1
Andy;1
Ventsislav;1
Kasyab;1
Ángel;1
Vitalino;1
Neevan;1
Yuvan;1
Yoris;1
Russel;1
Rai;1
Arun;1
Anas;1
Swayam;1
Ezekiel;1
Bóris;1
Samip;1
Aliyan;1
Shiqi;1
Dilson;1
Dércio;1
Roshan;1
Aloïs;1
Ghaith;1
Kenylson;1
Duane;1
Emile;1
Rhuan;1
Lielson;1
Itiel;1
Mikhail;1
Iderson;1
Shabbir;1
Alfredinho;1
Landon;1
Abiral;1
Klismman;1
Wayiza;1
Job;1
Nirbhay;1
Ugam;1
Brenthon;1
Dirceu;1
Angel;1
Ekampreet;1
Welnir;1
Edvaldo;1
Nikolay;1
Heitan;1
Tommy;1
Davron;1
Murilo;1
Mykhael;1
Macar;1
Allen;1
Shivansh;1
Aladje;1
Atharva;1
Eirik;1
Cosme;1
Eudes;1
Bubacar;1
Karlo;1
Darian;1
Ely;1
Jigme;1
Roméo;1
Lex;1
Wim;1
Ishak;1
Sidaqpreet;1
Nildo;1
Bryant;1
Freddy;1
Nedilson;1
Bihaan;1
Kayo;1
Kiril;1
Vitas;1
Natan;1
Dierson;1
Dadjoandin;1
Mutaro;1
Neville;1
Ibraimovic;1
Quesana;1
Zeferino;1
Cesário;1
Parlin;1
Ariyo;1
Romario;1
Jude;1
Didier;1
Lobo;1
Edner;1
Timeo;1
Armínio;1
Zi;1
Jingxuan;1
Bruce;1
Bernard;1
Zacky;1
Carlo;1
Rodrigues;1
Christiano;1
Jenish;1
Kinan;1
Rafaelo;1
Celsio;1
Durval;1
Zoé;1
Arjun;1
Heden;1
Ruthnney;1
Kienyelson;1
Jeyson;1
Taráz;1
Nerik;1
Yusuf;1
Rostislav;1
Boqian;1
Towfiq;1
Kléber;1
Iulian-Gabriel;1
Diyorbek;1
Jairson;1
Edmilson;1
Fabio;1
Melvyn;1
Khélio;1
Naeem;1
Djeviny;1
Seth;1
Alvarino;1
Emanoil;1
Temitayo;1
Tome;1
Thierry;1
Madjer;1
Kledilson;1
Saymon;1
Erasmo;1
Rafa;1
Vílmar;1
Anilton;1
Wendell;1
Reneckson;1
Kamoliddin;1
Paul;1
Acácio;1
Noel;1
Jamilson;1
Muhammed;1
Zekai;1
Ygor;1
Jacó;1
Prakrit;1
Kleber;1
Sajeet;1
Prudêncio;1
Enan;1
Ziqian;1
Andrs;1
Ayon;1
Leidson;1
Zyad;1
Nérsys;1
Stevany;1
Platini;1
Minhal;1
Manish;1
Ilias;1
Alage;1
Isak;1
Wassim;1
Octávio;1
Sky;1
Dhir;1
Aryckson;1
Hortêncio;1
Aayam;1
Hatim;1
Yanko;1
Gurwinder;1
Samyam;1
Akin;1
Keiyan;1
Endrickson;1
Ralph;1
Petelson;1
Petru;1
Rohan;1
Bibek;1
Amadeo;1
Bryanne;1
Rudson;1
Epandi;1
Maximiliano;1
Márcel;1
Lassana;1
Junlei;1
Chenyu;1
Siddhartha;1
Salatiel;1
Kion;1
Madani;1
Chuyi;1
Nichita;1
Hildebrando;1
Dragos;1
Gentil;1
Élcio;1
Yousef;1
Giorge;1
Jheidane;1
Sudev;1
Laurentino;1
Ayushman;1
Davidson;1
Manjot;1
Marthyn;1
Weslley;1
Ciwan;1
Gurshaan;1
Salviano;1
Leando;1
Oriel;1
Zyan;1
Neyton;1
Malek;1
Eliano;1
Mykyta;1
Levy;1
Jeremy;1
Kaique;1
Kevin-Cosmin;1
Mamadú;1
Ricky;1
Lourenzo;1
Ciro;1
Jordano;1
Hiroshi;1
Rody;1
Jazz;1
Agamjot;1
Isaí;1
Aboubakar;1
Kerson;1
Alfa;1
Shao;1
Jelany;1
Solomon;1
Bipsan;1
YU;1
Yashkumar;1
Menhaz;1
Yvan;1
Jemy;1
Kailon;1
Kymani;1
Djeisen;1
Assimiou;1
Aiden;1
Daniele;1
Meryk;1
Tommaso;1
Braian;1
Jordi;1
Adoniel;1
Kiiari;1
Cheihouba;1
Jelson;1
Hermès;1
Andrea;1
Mathieu;1
Hilliam;1
Gustaf;1
Lael;1
Songxian;1
Dinys;1
Tárcio;1
Elizandro;1
Kelby;1
Amiel;1
Anilker;1
Djudd;1
Axkan;1
Andre;1
Martins;1
Yousuf;1
Wilmar;1
Daniyal;1
Isidro;1
Josimar;1
Djamal;1
Romérick;1
Eliasafe;1
Olímpio;1
Jovanny;1
Brandão;1
Litana;1
Zayan;1
Alexsander;1
Vinícius;1
Leodvaldo;1
Lancelot;1
John;1
Usman;1
Ahren;1
Niansh;1
Sabino;1
Jayssan;1
Ìvan;1
Aidan;1
Sahibdeep;1
Papa;1
Josiel;1
Jackson;1
Sardar;1
Sogyal;1
Kay;1
Abilio;1
Agam;1
Luai;1
Jovânio;1